{
  "snapshot_date": "2026-03-01",
  "row_count": 1213,
  "bins": 10,
  "price_median": 488000.0,
  "price_mean": 822283.8252267106,
  "price_std": 1924594.0059964266,
  "price_log_bin_edges": [
    7.601402334583733,
    12.57763689161664,
    12.781281858244437,
    12.886643575525625,
    12.978950256431569,
    13.098072734013513,
    13.217493541006709,
    13.356637800091326,
    13.566529639502244,
    13.997832781424618,
    17.216707972959764
  ],
  "price_log_ref_pct": [
    0.10057708161582853,
    0.09975267930750206,
    0.09315746084089035,
    0.10634789777411377,
    0.09975267930750206,
    0.09975267930750206,
    0.10057708161582853,
    0.09975267930750206,
    0.09975267930750206,
    0.10057708161582853
  ],
  "price_raw_quantiles": [
    2000.0,
    289999.2,
    355500.0,
    395000.0,
    433200.00000000006,
    488000.0,
    549900.0,
    631999.4000000005,
    779594.0,
    1199999.8,
    30000000.0
  ]
}