{
  "snapshot_date": "2026-02-23",
  "row_count": 1055,
  "bins": 10,
  "price_median": 489988.0,
  "price_mean": 841345.9924170616,
  "price_std": 2043804.243095127,
  "price_log_bin_edges": [
    7.601402334583733,
    12.577636201962656,
    12.787087516177136,
    12.887905406179826,
    12.986936846443765,
    13.102138220855235,
    13.217675375388819,
    13.369225017834633,
    13.581051322511614,
    13.993480923694097,
    17.216707972959764
  ],
  "price_log_ref_pct": [
    0.0995260663507109,
    0.1004739336492891,
    0.1004739336492891,
    0.0995260663507109,
    0.0995260663507109,
    0.0947867298578199,
    0.1023696682464455,
    0.1033175355450237,
    0.0995260663507109,
    0.1004739336492891
  ],
  "price_raw_quantiles": [
    2000.0,
    289999.0,
    357570.0,
    395500.0000000001,
    436672.80000000005,
    489988.0,
    550000.0,
    640000.0,
    791000.0000000002,
    1194800.0000000002,
    30000000.0
  ]
}